{
  "rank": 1,
  "name": "rf_logq",
  "category": "ml",
  "parameterization": "logq",
  "val_loss": 0.5332012555668648,
  "train_loss": 0.2681455399454146,
  "runtime_ms": 25.784015655517578,
  "loss_old_mae": 0.5332012555668649,
  "loss": 0.7255311362271374,
  "per_sample_loss": [
    0.021303370365017393,
    0.24019559809471236,
    0.6396008681018848,
    0.014747709816547605,
    0.7884059208108467,
    0.622749113143811,
    0.2758630785860974,
    0.13197886727025,
    0.18555048199641044,
    0.3358218662764547,
    1.1749817954593378,
    0.1976574446715027,
    0.5665991289357888,
    0.6696054243229796,
    0.20511967745268,
    0.682340123764039,
    0.29753019313465146,
    0.3571037710713387,
    0.3783082222957179,
    0.2643559569042071,
    0.2651041383647845,
    0.57373656838748,
    0.18346355656226443,
    0.46854580091714215,
    0.8974180026815812,
    0.19785582526505419,
    0.5964710658340686,
    0.14658520875582637,
    0.5019419675312378,
    0.22023236792316592,
    0.00716248133975661,
    0.3877468452817787,
    0.11400323440672189,
    0.03277113472461979,
    0.2905612913932343,
    0.2702402504258301,
    1.2605775157371633,
    0.7812273477426701,
    1.0892314689123586,
    0.5860825366503031,
    0.10548454348614555,
    0.6425047314308712,
    0.25612186388750446,
    0.6371769996536667,
    0.22203182168347713,
    0.3796228967386561,
    0.2727318835669723,
    0.6451124095754799,
    0.15797186228958537,
    0.8242253434809137,
    0.8862668151183075,
    0.08492966341986197,
    0.5727946682605491,
    0.6201030462640706,
    0.7680189518605749,
    0.0009181814996144233,
    0.5828703166103755,
    0.7373606073470853,
    0.9851527986118591,
    0.22795902944136692,
    0.6608414969524903,
    0.46294996728231075,
    0.4521097517098305,
    0.07588747383729721,
    0.521341743885936,
    0.06986313908310748,
    0.0759953966734237,
    1.1098760052109276,
    0.25286752961854164,
    0.4111504210628416,
    0.5266216714506018,
    0.008995759414845317,
    1.4785863481808303,
    0.6006215216051558,
    0.9598634634172982,
    0.6796899030310124,
    0.6007624866288364,
    0.8910987927657432,
    0.38593712362368837,
    0.18406691224265392,
    0.7665414493385603,
    0.4944649726209338,
    0.04282186629971152,
    0.6411306761066529,
    0.5367314984896794,
    0.5078842893178823,
    1.0395736973092946,
    0.8740473323579074,
    0.4224747838935019,
    0.23507872313973,
    0.6712642852932342,
    0.4349990933567831,
    1.0832699355335245,
    0.37104836454173595,
    0.4058644176555166,
    0.47823824851352814,
    1.8906275899924416,
    0.70468554430304,
    1.231255058605155,
    2.6551052943198385,
    0.04599692420087598,
    0.24187917380219215,
    0.04763186703103672,
    0.13024173895185776,
    0.46549306489283504,
    0.1787213375242529,
    0.4378830952580641,
    0.46728202472133784,
    0.8056074923024492,
    0.28623636709845446,
    0.2955294547877205,
    0.6882145642279012,
    0.7210572250554179,
    0.41511380785863405,
    0.3483452526536386,
    0.8925574743866482,
    0.3795445923850327,
    0.8770612759415783,
    0.9510937107136526,
    0.6290643783460972,
    0.007668820859549896,
    0.5975357758828919,
    0.9092213907643218,
    0.5135833233592466,
    0.154873968991307,
    1.086182268294726,
    0.3879564122557664,
    1.1072055294822118,
    0.13856281253335823,
    0.13329915202375542,
    0.9224673673972856,
    0.08604658517569774,
    0.6282495658621131,
    0.41712967330682993,
    1.5354969715513498,
    0.9038083769858086,
    1.4769494436219333,
    0.43773303776314254,
    2.0279183975494495,
    1.295791902477162,
    0.16101100796594725,
    1.5133481525636459,
    0.15396375226157044,
    0.044589435731936966,
    0.3316929983918109,
    0.7853809522599797,
    0.04903689765494068,
    1.2276661356807854,
    0.36247063295199133,
    0.7050556886730015,
    1.0443102853790607,
    0.1846853574431595,
    0.31358159605211755,
    0.11786479394371163,
    0.3716181629415938,
    0.793400029546329,
    0.04621324755846423,
    0.3930916527632311,
    0.2524161474148361,
    0.6995747159760763,
    0.05051045154107303,
    1.0299747542237592,
    0.743787384733313,
    0.15427696318592155,
    1.5255550272913894,
    0.7939545976997735,
    0.2433483689930025,
    0.11648560393865282,
    0.5656381451199097,
    0.4733650159693754,
    0.4318348377746779,
    0.08772158722974588,
    0.9741529078339219,
    0.16005581692493998,
    0.12230741058972106,
    0.9149331321929441,
    0.6202365421923841,
    0.18124237097472795,
    0.6230052441276062,
    0.12605051013934032,
    0.4703409298837058,
    0.05735692501777567,
    0.30896413912208187,
    0.2553594505823775,
    0.1791316898750237,
    0.11329263808564605,
    0.9520610324415029,
    1.116739962846315,
    0.40278748144693033,
    0.29589351187447344,
    0.10059493025646526,
    0.24193547239717184,
    1.3557578605427425,
    0.9310920392650517,
    0.6319388602050959,
    0.4131540209437512,
    0.6299252060139815,
    0.06308437456602123,
    0.5938307225818291,
    0.5564685260956881,
    0.4448483913257899,
    0.3593096310688151,
    0.47362347544236183,
    0.6490976299782103,
    0.6492188796565368,
    0.642297890435831,
    0.5977011685886957,
    0.21816140190943178,
    0.6515838115596209,
    0.2990882016444556,
    0.22693164184648928,
    0.22146279819906134,
    1.0352033035128363,
    0.6083356047414057,
    0.4169127002613955,
    0.18198181444251293,
    0.3626707302353829,
    0.368529402061899,
    0.6634185705579956,
    0.34590334093464126,
    0.1799038136992177,
    0.07926712574316142,
    0.1454607783400359,
    0.05420270049229137,
    0.5295958394909399,
    0.35682582185278733,
    1.3370467725146296,
    0.25947831615279693,
    0.38878451820475934,
    0.12098713240376524,
    0.44925059669254575,
    0.07052110216311691,
    1.1167758587003767,
    0.09501568496653423,
    1.0838916501158367,
    0.5830357949468166,
    0.08516865528002615,
    0.18926168032977264,
    0.1784197324422112,
    0.731854674683003,
    0.08085109342971819,
    0.3782971784783795,
    0.6558802642978532,
    0.2964773069768163,
    0.8134547351017645,
    0.9338018849998977,
    0.4156508230219571,
    0.861301347646513,
    0.23547797374386503,
    0.1011002120170712,
    0.08346427439716786,
    0.1366743316054686,
    0.5658494642836831,
    0.47259671536111103,
    1.1571552596713461,
    0.8952548114139516,
    0.16931324859345098,
    0.06518671489013039,
    0.6704041999353691,
    0.3360702887989926,
    0.11815088575311972,
    0.40423199401003584,
    0.185312928005255,
    0.5481572407624529,
    0.3456528444978848,
    0.07469808430544145,
    0.05121574733119161,
    0.6015920925677443,
    1.0688576133126713,
    0.6407638134153144,
    0.09108267074894005,
    0.47912312745449315,
    0.05561005854078882,
    0.46914636852202074,
    0.46426690320121544,
    0.6811917956356863,
    0.22940319641686413,
    0.6649167137254901,
    0.49898844380472474,
    0.2980583992476893,
    0.7171805693075641,
    0.5180659717553291,
    0.04181725646970724,
    0.24344645884705374,
    0.11021118418373277,
    0.38231893928029415,
    0.18185975727540704,
    0.1372429805110369,
    0.5208480216065223,
    0.6331690610166874,
    0.3561333792115349,
    1.036515334045105,
    1.018506052784967,
    2.4755603627700546,
    0.4838893877520345,
    0.40619293718644434,
    1.2634015639948433,
    0.5669789980935804,
    0.6210751983452072,
    0.4795367188352082,
    3.841151929368634,
    3.8830949871071208,
    3.9933843936049267,
    0.7478670928218816,
    0.4044592145114767,
    0.7910484285898223,
    0.998014201170272,
    0.0042665366344776245,
    0.061410166972098335,
    0.564711231269986,
    0.608691820082075,
    0.5090061092107141,
    0.19194902639433575,
    0.048029866521400066,
    0.879911153362809,
    0.26764652098023234,
    0.6447382261964574,
