{
  "approach": "KRR-RBF",
  "approach_number": 10,
  "benchmark": "waveform",
  "agent": "gpt55_high",
  "parameterization": "raw_7d",
  "time_convention": "t0_at_peak",
  "loss": 0.1856129246046427,
  "train_loss": 0.0025046831657078235,
  "loss_components": {
    "mismatch_40Msun": 0.32196990250929663,
    "mismatch_80Msun": 0.23937258234652145,
    "mismatch_120Msun": 0.1663723949389083,
    "mismatch_160Msun": 0.11426357570838044,
    "mismatch_200Msun": 0.08608616752010677,
    "mean_fd_mismatch": 0.1856129246046427
  },
  "runtime_ms": 0.002426664112135768,
  "n_train": 250,
  "n_val": 250,
  "n_params": 0,
  "notes": "Observed worst residuals in high-curvature regions; prescribed transformed features/regularization, then evaluated the updated fit.",
  "loss_old_proxy": 0.6771866507245086,
  "per_sample_loss": [
    0.02312879222391313,
    0.01141039860825046,
    0.00477985649028505,
    0.14660688235007657,
    0.018771731019274384,
    0.021004056670369798,
    0.031629634756169,
    0.005051056326455172,
    0.013597986823218222,
    0.019047668932480666,
    0.0770118164537796,
    0.009802057930371122,
    0.003866372498900694,
    0.0042699128552111665,
    0.019479239487079792,
    0.23801231515574903,
    0.3716231549475363,
    0.044379811160394446,
    0.020956797956119468,
    0.08309257865244993,
    0.33218706026546974,
    0.06672508414706387,
    0.11504772934452814,
    0.2894708582064423,
    0.1691106837171606,
    0.0893312444234609,
    0.3598508785474551,
    0.5364989129507935,
    0.36874941488256335,
    0.17582430437867727,
    0.05157860495689896,
    0.3231157589404986,
    0.09927636655905045,
    0.034341354595194495,
    0.25972180732058403,
    0.06033689704805647,
    0.19440292184143584,
    0.44253542085103775,
    0.21279889143119002,
    0.07853410496444235,
    0.06083764955391972,
    0.12013287905894446,
    0.2313040988176561,
    0.16164378524451609,
    0.20339921267143932,
    0.19834592525222944,
    0.27213665466934317,
    0.3127564142189269,
    0.18579429273588324,
    0.15341991348062745,
    0.06563765532521593,
    0.05720407320657195,
    0.2766886765861125,
    0.12712206410944232,
    0.23588456593184035,
    0.09660637488600925,
    0.3338721744688648,
    0.08926323993912286,
    0.14619721511316505,
    0.3526908571753353,
    0.0833998621233408,
    0.03159615808131504,
    0.2367277547212221,
    0.1505625130752824,
    0.19748919409636412,
    0.330408680801101,
    0.07266898288806126,
    0.10473134083311744,
    0.16758433543528528,
    0.012399314737989876,
    0.1862767837819536,
    0.04809981960611196,
    0.039897873904426076,
    0.12602053309525296,
    0.2502447848119699,
    0.20896096809128903,
    0.12920715354729467,
    0.28736436129658793,
    0.1673799406174326,
    0.18491714706526058,
    0.20135885461099307,
    0.48972840655850136,
    0.18502003720672805,
    0.28754828871305776,
    0.3523072806441994,
    0.2650368360412637,
    0.5033123941274648,
    0.04479622123438063,
    0.3003268814829826,
    0.08566233567158273,
    0.26868917194800257,
    0.02222993367220514,
    0.3988801956488687,
    0.152573327407255,
    0.08628275969999803,
    0.14967153424604868,
    0.493792366270071,
    0.08720995578446089,
    0.05835081255927841,
    0.24469705149607562,
    0.33912101110589465,
    0.03721606129056321,
    0.2927513205153321,
    0.24831802030627967,
    0.18218727011440686,
    0.14148416739750883,
    0.18737611603104448,
    0.3339031268647831,
    0.18502388242240345,
    0.06987582770858007,
    0.035488801193417706,
    0.11563260315741386,
    0.08159558586049247,
    0.2381429099158166,
    0.023737489889091724,
    0.2657613738462262,
    0.34283749856055695,
    0.25192307250009066,
    0.17604925490753082,
    0.10206814014323262,
    0.1399425436077162,
    0.029421089844104742,
    0.2813300566409932,
    0.1601881810684638,
    0.2514456638577754,
    0.26595439133744303,
    0.1740663738492572,
    0.25834245081572105,
    0.1322073375643167,
    0.190168890111221,
    0.23101845808004576,
    0.06709127361568774,
    0.13854636890711064,
    0.34874356543313134,
    0.018402873992492498,
    0.19129340676270712,
    0.08852215123807072,
    0.01726283959462156,
    0.14926415827096956,
    0.17053190055900655,
    0.1912798126370437,
    0.18036837067560937,
    0.19805474130623926,
    0.09325493467134982,
    0.13690861983868674,
    0.13048546119385157,
    0.055887788150522956,
    0.19454619911059984,
    0.19055078241143975,
    0.1956591106762093,
    0.342059949339122,
    0.4178163195953326,
    0.366720210156031,
    0.2070545554193223,
    0.118127491702408,
    0.4574643091702457,
    0.32626995197744013,
    0.1998090817707833,
    0.40453172204251536,
    0.10091325116273,
    0.09257913971347993,
    0.10578627499220675,
    0.10026016070745913,
    0.16623680322579532,
    0.36418719698361934,
    0.2409587224169371,
    0.1354403030891119,
    0.10257962142695129,
    0.23554978093408369,
    0.13499819929654952,
    0.08360923298804537,
    0.15075817177951042,
    0.26059601504104724,
    0.15156362957086844,
    0.15060379406413887,
    0.08944837367245476,
    0.2244229199931973,
    0.29285942222653105,
    0.16834207504630036,
    0.2028400858930119,
    0.19081701744392093,
    0.3506508832721149,
    0.11428434824171696,
    0.12704191050169314,
    0.07845546313243475,
    0.21051420622558376,
    0.09369275815104552,
    0.2380127778756354,
    0.06983647545235802,
    0.1905135983705774,
    0.34745359941780346,
    0.22475871666297262,
    0.1723193652048854,
    0.20095999563925115,
    0.218743515386452,
    0.21876769832155865,
    0.29483569942210996,
    0.23961184599294602,
    0.08499747803404274,
    0.2851408617298389,
    0.2755916710612262,
    0.11586592465082801,
    0.40953875482778634,
    0.3002285097172234,
    0.40176056686424,
    0.11997424713297641,
    0.040208495368856734,
    0.17002863349336508,
    0.2025939017072132,
    0.20250718388616096,
    0.3610807801391454,
    0.07766451594661343,
    0.4436173923508627,
    0.032525345973941966,
    0.26104090390674833,
    0.14117536203588044,
    0.24632320197936503,
    0.12937685374763924,
    0.05151931866712776,
    0.1324959490656132,
    0.44526424216273675,
    0.2108376918244792,
    0.13217241308865574,
    0.134653498298788,
    0.22928756574399128,
    0.30573169182878923,
    0.2959792889088716,
    0.2864882077649599,
    0.3179388595525922,
    0.3912117538768959,
    0.3939670808629483,
    0.024560090882958387,
    0.2656259750704256,
    0.22733532786038343,
    0.42723912381195017,
    0.22087435539405015,
    0.2784590213362147,
    0.14607079104579299,
    0.2005226703428927,
    0.29412741960416966,
    0.004001018690187319,
    0.21332086463548264,
    0.1326495855271343,
    0.07452646191255799,
    0.07979901848249422,
    0.03503236120888877,
    0.2441328275647273,
    0.26628940102041676,
    0.2651222451176848,
    0.07655418503717151
  ]
}