{
    "model_name": "SVD_GPR_RBF_EtaChiEff",
    "approach_number": 20,
    "loss": 0.5996227614335041,
    "runtime_ms": 934.8468780517578,
    "approach_category": "svd_gpr",
    "parameterization": "eta_chieff",
    "loss_components": {
        "mismatch_40Msun": 0.548267844774003,
        "mismatch_80Msun": 0.5903702217003766,
        "mismatch_120Msun": 0.627346065937131,
        "mismatch_160Msun": 0.6224931504908138,
        "mismatch_200Msun": 0.6096365242651959,
        "mean_fd_mismatch": 0.5996227614335041
    }
}