{
  "approach": "ap_svd_gpr_peak",
  "approach_number": 14,
  "benchmark": "waveform",
  "agent": "gpt54_mini",
  "category": "SVD/decomposition",
  "parameterization": "raw7",
  "time_convention": "peak",
  "loss": 0.40277270558588285,
  "loss_components": {
    "mismatch_40Msun": 0.6289925106728149,
    "mismatch_80Msun": 0.4048478789863542,
    "mismatch_120Msun": 0.33471473303182153,
    "mismatch_160Msun": 0.3184957888794786,
    "mismatch_200Msun": 0.32681261635894504,
    "mean_fd_mismatch": 0.40277270558588285
  },
  "train_loss": 0.011847350465488743,
  "runtime_ms": 1600.0892500160262,
  "n_train": 250,
  "n_val": 250,
  "n_params": 6628899,
  "notes": "Amplitude/phase SVD with peak-aligned time ordering.",
  "loss_old_subset64": 0.525856618434135,
  "per_sample_loss": [
    0.8978944934557551,
    0.9314333662849947,
    0.8632791338273431,
    0.37551096952186164,
    0.8303279337705046,
    0.5597228238312355,
    0.8162372602645863,
    0.686375424440061,
    0.9061609750687012,
    0.27013286710961754,
    0.15996837513199164,
    0.15505478690403107,
    0.40304140239617414,
    0.0888734670858041,
    0.2038658657631105,
    0.6997871251290004,
    0.6337020602768434,
    0.32133956851828777,
    0.416852094374195,
    0.2527968977615494,
    0.8887439750757586,
    0.7170054914499049,
    0.4268116270410628,
    0.47401217749572977,
    0.2939958666653584,
    0.7968354301445784,
    0.5960204264647906,
    0.5849326146476954,
    0.7028800743038923,
    0.6511594846719477,
    0.5636310544225203,
    0.39671387107125905,
    0.6676167299304767,
    0.48304620165227946,
    0.5697429210703784,
    0.33256795176337245,
    0.8761455170669897,
    0.45435624879279474,
    0.6221806876395598,
    0.1947459609967998,
    0.5749424463710718,
    0.18838657657644972,
    0.8800634515436169,
    0.6080698908958918,
    0.4812209287542884,
    0.4423253958217206,
    0.21017518030740598,
    0.8604138464732918,
    0.3035443955565233,
    0.5627661991210042,
    0.5173871786525698,
    0.2903529468411795,
    0.6077761067275614,
    0.22247340234010596,
    0.2926381128746218,
    0.2147280510327593,
    0.5728791692245638,
    0.24521189042948727,
    0.2741051781645744,
    0.5314453545233337,
    0.21468017795157465,
    0.4223967736593111,
    0.2361725915312518,
    0.28223620533090055,
    0.26152709563739496,
    0.3378182134031313,
    0.22917638513055216,
    0.30108800898349586,
    0.1949119178192157,
    0.35682878838495735,
    0.16084960298235193,
    0.5541351461802407,
    0.35548451630662126,
    0.27446967627458807,
    0.6477145620558387,
    0.5666217039911743,
    0.10532504798910972,
    0.6406589481529086,
    0.30917781840094993,
    0.3139055639398558,
    0.24916951523391898,
    0.5839251533017364,
    0.48443553250109517,
    0.5775793681541572,
    0.3835290946778144,
    0.5175536215547606,
    0.6729172859667665,
    0.464921998340713,
    0.4127263343833219,
    0.14561646278269888,
    0.31020248863756505,
    0.32827226948459287,
    0.3835781715397574,
    0.2701729750062677,
    0.22546498491410477,
    0.27888546519032353,
    0.5040802126482917,
    0.08562697014031972,
    0.1391851029528642,
    0.6708888033126834,
    0.4928801283493531,
    0.35831545178454305,
    0.4554459081702621,
    0.5414311152649576,
    0.4489215938779557,
    0.35010903587660047,
    0.30888898473421744,
    0.3380425486421328,
    0.5765990126540169,
    0.4418809423579283,
    0.24603590245962775,
    0.3339595495385935,
    0.270967573311029,
    0.49277467769496947,
    0.11062849296411503,
    0.45853748753211737,
    0.569679633404977,
    0.3164526204661813,
    0.47755593758007686,
    0.31621628646827277,
    0.2086561012945305,
    0.7292755397667532,
    0.3099100617590955,
    0.19804057666509525,
    0.24781662870772272,
    0.6407448297667573,
    0.2184911636010188,
    0.45973375056978005,
    0.10685804176603815,
    0.48520331401103445,
    0.267518345764566,
    0.14047391596133543,
    0.3452356295464801,
    0.5236120313679101,
    0.7463184751848191,
    0.305462268539242,
    0.10495695275583505,
    0.3838602584376326,
    0.3032866635969197,
    0.10950983791893083,
    0.5009639489785908,
    0.19864347287062448,
    0.2642415870198825,
    0.7775064855173983,
    0.13469237719273322,
    0.3038636320788488,
    0.2332559296155574,
    0.4899446680254901,
    0.34274054230963225,
    0.6232659005198163,
    0.5358601869537872,
    0.5362053723983088,
    0.33944399397775715,
    0.20995009148079813,
    0.25062294770639104,
    0.6608231110001357,
    0.5242519601319935,
    0.2712938389111273,
    0.4962475771823037,
    0.5648347090958825,
    0.1108163547631168,
    0.37091785281846235,
    0.2020009012842487,
    0.5268609078758673,
    0.19737256753336258,
    0.4004097048078231,
    0.48735038276637893,
    0.22701430354784616,
    0.643597263765086,
    0.09568860413523857,
    0.233304485832264,
    0.799424409351421,
    0.22964163619825467,
    0.2930419867485541,
    0.23387844930998503,
    0.3362689203669788,
    0.27828593364189835,
    0.30063150294094404,
    0.40058688547011034,
    0.5580027068311701,
    0.3281497971201678,
    0.3611678428771012,
    0.29618632162754743,
    0.1751246394589029,
    0.4764147169819578,
    0.31136426981877363,
    0.23974040009694378,
    0.46119342987497225,
    0.43397524495155126,
    0.5656443801486576,
    0.16604543587111514,
    0.2674970512636758,
    0.2980058839971166,
    0.3739774242761643,
    0.57562477711958,
    0.30789947280642715,
    0.24243724230313096,
    0.6055076719927138,
    0.2144202462351034,
    0.5706278058304676,
    0.3256687763935651,
    0.24020195437809272,
    0.653142402103209,
    0.36368702058304103,
    0.373309286138805,
    0.24080614632134095,
    0.12736455141027722,
    0.13785188276031646,
    0.3541874989877319,
    0.4237571159908885,
    0.4849338870305366,
    0.5635932567568489,
    0.6596309017579761,
    0.2254573632765946,
    0.3033327554048896,
    0.43896124042839235,
    0.5601824385270218,
    0.30254061168152296,
    0.5569431581596156,
    0.22352256130790718,
    0.33628877177950073,
    0.5424385575448099,
    0.33437357574208015,
    0.4197476282265716,
    0.173331698735482,
    0.4002869062984214,
    0.3017451686708692,
    0.5739524669490252,
    0.612306338075675,
    0.49971789210861284,
    0.38838417636439243,
    0.16636995210398844,
    0.6233292839272372,
    0.5106696040013542,
    0.5686075551810642,
    0.1215516081544552,
    0.35193305148158105,
    0.3646804740931867,
    0.19777197579187833,
    0.4006590882271099,
    0.3116387512017507,
    0.317296612447286,
    0.3053403533736904,
    0.09928797807469854,
    0.19619263670894058,
    0.39844509621363,
    0.5124617154381272,
    0.26426698104224544,
    0.2148541482130053,
    0.33081466283590916
  ]
}