{
  "agent_summary": {
    "build_coverage_goal": 0.72,
    "method": "greedy_max_coverage_set_cover_IMRPhenomXHM",
    "n_bank": 40,
    "overlap_evaluations": 36126884,
    "public_eval_coverage_fraction": 0.687402799377916,
    "public_eval_median_best_overlap": 0.9804973905705312,
    "public_eval_prefix_length_to_50pct": 9,
    "public_eval_size": 2572,
    "public_eval_target_coverage": 0.5,
    "public_eval_threshold": 0.97,
    "public_train_size": 6002,
    "seed": 20259
  },
  "hidden_literature_reference": null,
  "hidden_test_size": 2000,
  "public_eval_metrics": {
    "coverage_fraction": 0.14852255054432348,
    "median_best_overlap": 0.870771673526207,
    "min_best_overlap": 0.2813405567347626,
    "overlap_evaluations": 102880,
    "prefix_coverages": [
      0.0276049766718507,
      0.04315707620528771,
      0.06493001555209954,
      0.07387247278382582,
      0.0797045101088647,
      0.08437013996889581,
      0.0859253499222395,
      0.08981337480559876,
      0.09564541213063764,
      0.10069984447900467,
      0.1026438569206843,
      0.10381026438569207,
      0.10653188180404355,
      0.10847589424572317,
      0.10925349922239502,
      0.1119751166407465,
      0.11430793157076205,
      0.11741835147744946,
      0.11858475894245724,
      0.11975116640746501,
      0.12052877138413685,
      0.1255832037325039,
      0.1321928460342146,
      0.13374805598755832,
      0.1364696734059098,
      0.1368584758942457,
      0.13841368584758942,
      0.13841368584758942,
      0.13841368584758942,
      0.13919129082426127,
      0.1426905132192846,
      0.14307931570762053,
      0.14385692068429237,
      0.14502332814930016,
      0.14657853810264385,
      0.14657853810264385,
      0.14774494556765164,
      0.14813374805598756,
      0.14852255054432348,
      0.14852255054432348
    ],
    "prefix_length_to_50pct": null,
    "prefix_length_to_target": null,
    "prefix_min_best_overlaps": [
      0.010923162777575301,
      0.05019726763621994,
      0.05019726763621994,
      0.05019726763621994,
      0.07125362160079153,
      0.07125362160079153,
      0.07125362160079153,
      0.10288883965353933,
      0.10288883965353933,
      0.10288883965353933,
      0.10886661238842074,
      0.10886661238842074,
      0.10886661238842074,
      0.10886661238842074,
      0.10886661238842074,
      0.10886661238842074,
      0.15548350825009621,
      0.15548350825009621,
      0.16948663858890825,
      0.16948663858890825,
      0.17299938369014126,
      0.17299938369014126,
      0.17299938369014126,
      0.17299938369014126,
      0.17299938369014126,
      0.26487826631242817,
      0.26487826631242817,
      0.26487826631242817,
      0.26487826631242817,
      0.26487826631242817,
      0.26487826631242817,
      0.26487826631242817,
      0.2813405567347626,
      0.2813405567347626,
      0.2813405567347626,
      0.2813405567347626,
      0.2813405567347626,
      0.2813405567347626,
      0.2813405567347626,
      0.2813405567347626
    ],
    "target_coverage": 0.5,
    "threshold": 0.97
  },
  "submission_dir": "/Users/tousifislam/Research/projects/nr_projects/gwBenchmarks/llm_agents/results/opus48/template_bank",
  "submission_metrics": {
    "coverage_fraction": 0.0115,
    "median_best_overlap": 0.73976900659827,
    "min_best_overlap": 0.1363611933240285,
    "overlap_evaluations": 80000,
    "prefix_coverages": [
      0.0,
      0.001,
      0.001,
      0.0015,
      0.0015,
      0.0035,
      0.0035,
      0.0035,
      0.0045,
      0.0045,
      0.006,
      0.006,
      0.0085,
      0.0085,
      0.0085,
      0.0085,
      0.0085,
      0.0085,
      0.0085,
      0.0085,
      0.009,
      0.0095,
      0.0095,
      0.0105,
      0.0105,
      0.0105,
      0.0105,
      0.0105,
      0.0105,
      0.0105,
      0.0105,
      0.0105,
      0.0105,
      0.0115,
      0.0115,
      0.0115,
      0.0115,
      0.0115,
      0.0115,
      0.0115
    ],
    "prefix_length_to_50pct": null,
    "prefix_length_to_target": null,
    "prefix_min_best_overlaps": [
      0.01979285280052035,
      0.024852670060948344,
      0.03396229447766156,
      0.03396229447766156,
      0.058919840662119465,
      0.07237031593874774,
      0.07237031593874774,
      0.07237031593874774,
      0.07237031593874774,
      0.07237031593874774,
      0.07237031593874774,
      0.11146851615987699,
      0.11146851615987699,
      0.11146851615987699,
      0.11146851615987699,
      0.11146851615987699,
      0.11146851615987699,
      0.11146851615987699,
      0.11146851615987699,
      0.13336567898988116,
      0.13336567898988116,
      0.13336567898988116,
      0.13336567898988116,
      0.13336567898988116,
      0.13336567898988116,
      0.13336567898988116,
      0.13336567898988116,
      0.13336567898988116,
      0.13336567898988116,
      0.13336567898988116,
      0.13336567898988116,
      0.13336567898988116,
      0.13336567898988116,
      0.13336567898988116,
      0.13336567898988116,
      0.1363611933240285,
      0.1363611933240285,
      0.1363611933240285,
      0.1363611933240285,
      0.1363611933240285
    ],
    "target_coverage": 0.5,
    "threshold": 0.97
  },
  "target_coverage": 0.5,
  "threshold": 0.97
}
