{
  "agent_summary": {
    "build_coverage_goal": 0.72,
    "method": "greedy_max_coverage_set_cover_IMRPhenomXHM",
    "n_bank": 40,
    "overlap_evaluations": 36126884,
    "public_eval_coverage_fraction": 0.687402799377916,
    "public_eval_median_best_overlap": 0.9804973905705312,
    "public_eval_prefix_length_to_50pct": 9,
    "public_eval_size": 2572,
    "public_eval_target_coverage": 0.5,
    "public_eval_threshold": 0.97,
    "public_train_size": 6002,
    "seed": 20259
  },
  "hidden_literature_reference": null,
  "hidden_test_size": 2000,
  "public_eval_metrics": {
    "coverage_fraction": 0.24027993779160187,
    "median_best_overlap": 0.870771673526207,
    "min_best_overlap": 0.2813405567347626,
    "overlap_evaluations": 102880,
    "prefix_coverages": [
      0.057931570762052874,
      0.08475894245723173,
      0.11236391912908243,
      0.12363919129082426,
      0.12830482115085537,
      0.1364696734059098,
      0.13841368584758942,
      0.14191290824261274,
      0.15552099533437014,
      0.16640746500777606,
      0.17262830482115085,
      0.17418351477449456,
      0.17729393468118196,
      0.18118195956454122,
      0.1827371695178849,
      0.18584758942457233,
      0.187402799377916,
      0.187402799377916,
      0.18895800933125972,
      0.18973561430793157,
      0.19517884914463451,
      0.19867807153965786,
      0.21345256609642302,
      0.21578538102643857,
      0.2165629860031104,
      0.21889580093312597,
      0.22006220839813376,
      0.22006220839813376,
      0.2208398133748056,
      0.22317262830482115,
      0.22706065318818042,
      0.2286158631415241,
      0.23094867807153965,
      0.23250388802488337,
      0.23522550544323484,
      0.23561430793157076,
      0.23716951788491447,
      0.23833592534992223,
      0.23950233281493002,
      0.24027993779160187
    ],
    "prefix_length_to_50pct": null,
    "prefix_length_to_target": null,
    "prefix_min_best_overlaps": [
      0.010923162777575301,
      0.05019726763621994,
      0.05019726763621994,
      0.05019726763621994,
      0.07125362160079153,
      0.07125362160079153,
      0.07125362160079153,
      0.10288883965353933,
      0.10288883965353933,
      0.10288883965353933,
      0.10886661238842074,
      0.10886661238842074,
      0.10886661238842074,
      0.10886661238842074,
      0.10886661238842074,
      0.10886661238842074,
      0.15548350825009621,
      0.15548350825009621,
      0.16948663858890825,
      0.16948663858890825,
      0.17299938369014126,
      0.17299938369014126,
      0.17299938369014126,
      0.17299938369014126,
      0.17299938369014126,
      0.26487826631242817,
      0.26487826631242817,
      0.26487826631242817,
      0.26487826631242817,
      0.26487826631242817,
      0.26487826631242817,
      0.26487826631242817,
      0.2813405567347626,
      0.2813405567347626,
      0.2813405567347626,
      0.2813405567347626,
      0.2813405567347626,
      0.2813405567347626,
      0.2813405567347626,
      0.2813405567347626
    ],
    "target_coverage": 0.5,
    "threshold": 0.95
  },
  "submission_dir": "/Users/tousifislam/Research/projects/nr_projects/gwBenchmarks/llm_agents/results/opus48/template_bank",
  "submission_metrics": {
    "coverage_fraction": 0.0295,
    "median_best_overlap": 0.73976900659827,
    "min_best_overlap": 0.1363611933240285,
    "overlap_evaluations": 80000,
    "prefix_coverages": [
      0.0005,
      0.0035,
      0.0035,
      0.006,
      0.006,
      0.0105,
      0.0105,
      0.0105,
      0.0105,
      0.0105,
      0.0135,
      0.0135,
      0.017,
      0.017,
      0.017,
      0.017,
      0.0185,
      0.0185,
      0.0185,
      0.0185,
      0.0225,
      0.0225,
      0.0225,
      0.025,
      0.025,
      0.026,
      0.026,
      0.026,
      0.026,
      0.0265,
      0.027,
      0.027,
      0.028,
      0.029,
      0.029,
      0.029,
      0.029,
      0.029,
      0.029,
      0.0295
    ],
    "prefix_length_to_50pct": null,
    "prefix_length_to_target": null,
    "prefix_min_best_overlaps": [
      0.01979285280052035,
      0.024852670060948344,
      0.03396229447766156,
      0.03396229447766156,
      0.058919840662119465,
      0.07237031593874774,
      0.07237031593874774,
      0.07237031593874774,
      0.07237031593874774,
      0.07237031593874774,
      0.07237031593874774,
      0.11146851615987699,
      0.11146851615987699,
      0.11146851615987699,
      0.11146851615987699,
      0.11146851615987699,
      0.11146851615987699,
      0.11146851615987699,
      0.11146851615987699,
      0.13336567898988116,
      0.13336567898988116,
      0.13336567898988116,
      0.13336567898988116,
      0.13336567898988116,
      0.13336567898988116,
      0.13336567898988116,
      0.13336567898988116,
      0.13336567898988116,
      0.13336567898988116,
      0.13336567898988116,
      0.13336567898988116,
      0.13336567898988116,
      0.13336567898988116,
      0.13336567898988116,
      0.13336567898988116,
      0.1363611933240285,
      0.1363611933240285,
      0.1363611933240285,
      0.1363611933240285,
      0.1363611933240285
    ],
    "target_coverage": 0.5,
    "threshold": 0.95
  },
  "target_coverage": 0.5,
  "threshold": 0.95
}
