{
  "approach": "symbolic_pysr_freq_delta",
  "approach_number": 17,
  "benchmark": "analytic",
  "agent": "gpt54_mini",
  "category": "symbolic",
  "parameterization": "delta",
  "loss": 0.6386078428427667,
  "loss_components": {
    "mismatch_40Msun": 0.8454914293634078,
    "mismatch_80Msun": 0.7189655929530525,
    "mismatch_120Msun": 0.6034741847344092,
    "mismatch_160Msun": 0.5287278738759672,
    "mismatch_200Msun": 0.4963801332869971
  },
  "runtime_ms": 76.00633690996868,
  "n_train": 20,
  "n_val": 21,
  "n_params": 10,
  "n_terms": 10,
  "train_time_s": 0.7379159927368164,
  "expression_file": "expression.txt",
  "notes": "PySR on a frequency-sensitive imaginary coefficient curve.",
  "per_sample_loss": [
    0.6486625122979496,
    0.6554604211737205,
    0.6523439392047472,
    0.6287718669305123,
    0.6541196389078024,
    0.6380451630463612,
    0.629867860174674,
    0.6506243111626647,
    0.6275950996683289,
    0.6290106143499561,
    0.6321513020796533,
    0.6418627366503253,
    0.6442402786466299,
    0.6457680156691099,
    0.6476152365360217,
    0.6266412284075364,
    0.6513234768681007,
    0.6234092908981868,
    0.6307501495022463,
    0.6276947565196201,
    0.6248068010039549
  ]
}