{
  "approach": "phen_imr_cheb14_logq_p4",
  "approach_number": 3,
  "benchmark": "analytic",
  "agent": "opus47",
  "category": "physics_imr",
  "parameterization": "log_q",
  "time_convention": "t0_at_peak",
  "loss": 0.0521565170374327,
  "loss_proxy_l2": 0.09536173942136868,
  "loss_components": {
    "mismatch_40Msun": 0.05797970758020231,
    "mismatch_80Msun": 0.050977919899552415,
    "mismatch_120Msun": 0.04924549691981844,
    "mismatch_160Msun": 0.0499265679350791,
    "mismatch_200Msun": 0.05265289285251124
  },
  "per_sample_loss": [
    0.03194434829337829,
    0.02501462209648251,
    0.027513036672637603,
    0.07231687540631622,
    0.025491449623746786,
    0.03961771449063367,
    0.10205895778153162,
    0.028860774372467302,
    0.0650890142164583,
    0.06382308952471079,
    0.05248965438334052,
    0.041609744145056984,
    0.03467270849113761,
    0.03335615572240214,
    0.032150550237920905,
    0.09534619575388896,
    0.0271770774379513,
    0.0953744480564325,
    0.05834685215889253,
    0.0641183091335362,
    0.07891527978716402
  ],
  "runtime_ms": 2.477686525145102,
  "n_train": 20,
  "n_val": 21,
  "n_params": 190,
  "train_time_s": 0.0004890830023214221,
  "notes": "IMR base + Chebyshev_13 residual; q-dep polynomial deg 4 in log_q.",
  "is_closed_form": true
}