{
  "approach": "KRR-RBF",
  "approach_number": 10,
  "benchmark": "waveform",
  "agent": "gpt53_codex_high",
  "parameterization": "raw_7d",
  "time_convention": "t0_at_peak",
  "loss": 0.18561292460464224,
  "train_loss": 0.0025046831657079232,
  "loss_components": {
    "mismatch_40Msun": 0.32196990250929686,
    "mismatch_80Msun": 0.2393725823465212,
    "mismatch_120Msun": 0.16637239493890532,
    "mismatch_160Msun": 0.1142635757083812,
    "mismatch_200Msun": 0.08608616752010667,
    "mean_fd_mismatch": 0.18561292460464224
  },
  "runtime_ms": 0.0038721677847206593,
  "n_train": 250,
  "n_val": 250,
  "n_params": 0,
  "notes": "Observed worst residuals in high-curvature regions; prescribed transformed features/regularization, then evaluated the updated fit.",
  "loss_old_proxy": 0.6771866507245122,
  "per_sample_loss": [
    0.023128792223950746,
    0.011410398608247597,
    0.004779856490292311,
    0.14660688235010005,
    0.01877173101910996,
    0.02100405667029299,
    0.031629634756132716,
    0.005051056326472137,
    0.013597986823234898,
    0.01904766893248777,
    0.07701181645384969,
    0.009802057930368169,
    0.003866372498901227,
    0.004269912855211677,
    0.019479239487082568,
    0.2380123151557684,
    0.37162315494754117,
    0.04437981116039809,
    0.020956797956127794,
    0.08309257865239646,
    0.3321870602654834,
    0.06672508414707812,
    0.11504772934453737,
    0.2894708582064045,
    0.16911068371713825,
    0.08933124442345733,
    0.3598508785474412,
    0.5364989129508579,
    0.3687494148825576,
    0.1758243043786808,
    0.051578604956892614,
    0.32311575894043837,
    0.09927636655898511,
    0.0343413545951889,
    0.25972180732057004,
    0.06033689704806999,
    0.1944029218414636,
    0.4425354208509521,
    0.21279889143117198,
    0.0785341049644708,
    0.060837649553948235,
    0.12013287905894739,
    0.23130409881762262,
    0.1616437852445356,
    0.20339921267146277,
    0.19834592525224845,
    0.27213665466936965,
    0.31275641421883404,
    0.1857942927358927,
    0.1534199134806309,
    0.06563765532612595,
    0.057204073206571636,
    0.27668867658609386,
    0.1271220641094417,
    0.23588456593183943,
    0.09660637488600603,
    0.33387217446886114,
    0.08926323993911969,
    0.14619721511316497,
    0.3526908571753242,
    0.08339986212334458,
    0.03159615808131291,
    0.23672775472121277,
    0.15056251307528215,
    0.1974891940963474,
    0.3304086808011076,
    0.07266898288806126,
    0.10473134083311963,
    0.1675843354352861,
    0.012399314737986078,
    0.18627678378195342,
    0.04809981960611618,
    0.039897873904425916,
    0.126020533095254,
    0.2502447848119598,
    0.20896096809128525,
    0.1292071535472948,
    0.2873643612965896,
    0.16737994061742884,
    0.18491714706526322,
    0.20135885461099834,
    0.48972840655850564,
    0.1850200372067194,
    0.2875482887130626,
    0.35230728064418015,
    0.2650368360412627,
    0.5033123941274711,
    0.04479622123438158,
    0.3003268814829784,
    0.08566233567158546,
    0.2686891719480034,
    0.022229933672207068,
    0.39888019564887733,
    0.15257332740725474,
    0.08628275970000003,
    0.14967153424605045,
    0.4937923662700786,
    0.08720995578446167,
    0.05835081255927752,
    0.24469705149607054,
    0.33912101110588305,
    0.037216061290564206,
    0.2927513205153212,
    0.2483180203063001,
    0.18218727011441027,
    0.1414841673975173,
    0.18737611603106635,
    0.33390312686478957,
    0.18502388242240522,
    0.06987582770858396,
    0.03548880119341826,
    0.11563260315741401,
    0.08159558586049145,
    0.2381429099158204,
    0.023737489889091457,
    0.2657613738462269,
    0.3428374985605632,
    0.2519230725000902,
    0.1760492549075326,
    0.10206814014323148,
    0.1399425436077366,
    0.029421089844106872,
    0.28133005664100297,
    0.16018818106846056,
    0.25144566385774897,
    0.2659543913374375,
    0.1740663738492519,
    0.2583424508157203,
    0.13220733756431705,
    0.190168890111209,
    0.2310184580800521,
    0.06709127361568334,
    0.13854636890711547,
    0.3487435654331157,
    0.018402873992494205,
    0.1912934067627184,
    0.08852215123806977,
    0.017262839594622003,
    0.14926415827096967,
    0.17053190055903128,
    0.19127981263705168,
    0.18036837067559133,
    0.19805474130624454,
    0.0932549346713464,
    0.13690861983869365,
    0.13048546119386153,
    0.05588778815052251,
    0.19454619911058632,
    0.19055078241143972,
    0.1956591106762109,
    0.342059949339113,
    0.4178163195953508,
    0.36672021015600553,
    0.20705455541931897,
    0.11812749170240269,
    0.4574643091701813,
    0.32626995197738246,
    0.19980908177078963,
    0.40453172204251936,
    0.10091325116268175,
    0.09257913971348634,
    0.10578627499220725,
    0.10026016070745307,
    0.16623680322577522,
    0.36418719698362,
    0.24095872241693214,
    0.13544030308911184,
    0.10257962142694846,
    0.23554978093404988,
    0.1349981992965503,
    0.08360923298802683,
    0.15075817177947043,
    0.26059601504103175,
    0.1515636295708766,
    0.15060379406412994,
    0.08944837367245187,
    0.2244229199931982,
    0.29285942222652894,
    0.16834207504628648,
    0.2028400858930029,
    0.19081701744391982,
    0.35065088327211136,
    0.11428434824171459,
    0.12704191050169283,
    0.07845546313243704,
    0.21051420622556768,
    0.09369275815103924,
    0.23801277787563846,
    0.06983647545236862,
    0.19051359837057816,
    0.34745359941778936,
    0.2247587166629832,
    0.1723193652048999,
    0.20095999563925154,
    0.2187435153864537,
    0.21876769832156473,
    0.2948356994221245,
    0.23961184599291557,
    0.08499747803405695,
    0.2851408617298314,
    0.2755916710612197,
    0.11586592465082882,
    0.4095387548277934,
    0.30022850971722737,
    0.40176056686424316,
    0.11997424713298666,
    0.04020849536886155,
    0.17002863349336855,
    0.2025939017072213,
    0.20250718388616146,
    0.36108078013912337,
    0.07766451594660681,
    0.44361739235085773,
    0.03252534597394716,
    0.26104090390674745,
    0.1411753620358755,
    0.24632320197934474,
    0.1293768537476429,
    0.05151931866713146,
    0.13249594906561718,
    0.4452642421627339,
    0.2108376918244507,
    0.13217241308866193,
    0.1346534982987892,
    0.22928756574397538,
    0.30573169182876636,
    0.2959792889088732,
    0.28648820776495426,
    0.3179388595525829,
    0.3912117538768866,
    0.3939670808629462,
    0.02456009088295763,
    0.2656259750704248,
    0.22733532786036093,
    0.42723912381186563,
    0.22087435539404857,
    0.278459021336173,
    0.14607079104579246,
    0.20052267034287166,
    0.29412741960407784,
    0.004001018690184344,
    0.21332086463542677,
    0.13264958552715428,
    0.07452646191255559,
    0.07979901848250055,
    0.035032361208891194,
    0.2441328275647053,
    0.266289401020413,
    0.265122245117687,
    0.07655418503718121
  ]
}