{
  "waveform": {
    "opus47": {
      "p5": 0.04934876294557164,
      "median": 0.16479570584273262,
      "p95": 0.39345314838555473,
      "mean": 0.18705666690109854,
      "n": 250
    },
    "opus46": {
      "p5": 0.006293340193323713,
      "median": 0.14752501925086506,
      "p95": 0.3831460656874125,
      "mean": 0.16255959591441482,
      "n": 250
    },
    "sonnet46": {
      "p5": 0.014600029151535647,
      "median": 0.14224768197563892,
      "p95": 0.3682015056451287,
      "mean": 0.15846409175281861,
      "n": 250
    },
    "haiku": {
      "p5": 0.43399754551908726,
      "median": 0.5930601810736269,
      "p95": 0.7025794728252935,
      "mean": 0.5829670645103817,
      "n": 250
    },
    "gpt55_high": {
      "p5": 0.019241875682050272,
      "median": 0.17820881279157008,
      "p95": 0.40046439981732285,
      "mean": 0.18561292460464274,
      "n": 250
    },
    "gpt54_mini": {
      "p5": 0.13611415469814567,
      "median": 0.35974164733082215,
      "p95": 0.7634718808677371,
      "mean": 0.40277270558588285,
      "n": 250
    },
    "gpt53_codex_high": {
      "p5": 0.01924187568205543,
      "median": 0.17820881279156198,
      "p95": 0.4004643998173285,
      "mean": 0.18561292460464224,
      "n": 250
    },
    "gpt52": {
      "p5": 0.02903623237592095,
      "median": 0.19348680717330397,
      "p95": 0.5000711610436246,
      "mean": 0.2199241507170676,
      "n": 250
    },
    "gemini31_pro_preview": {
      "p5": 0.181035479849752,
      "median": 0.34252913172864835,
      "p95": 0.5461574112177164,
      "mean": 0.3489907760373924,
      "n": 250
    },
    "gemini3_flash_preview": {
      "p5": 0.01558385718861014,
      "median": 0.21267888628764794,
      "p95": 0.4578756945364681,
      "mean": 0.21969296373142555,
      "n": 250
    }
  },
  "analytic": {
    "opus47": {
      "p5": 0.025491449623746786,
      "median": 0.041609744145056984,
      "p95": 0.0953744480564325,
      "mean": 0.052156517037432695,
      "n": 21
    },
    "opus46": {
      "p5": 0.04089951563874914,
      "median": 0.1734620110881813,
      "p95": 0.2834420038314181,
      "mean": 0.1675373753024337,
      "n": 21
    },
    "sonnet46": {
      "p5": 0.1803401101654971,
      "median": 0.2852165773259659,
      "p95": 0.34876550430895625,
      "mean": 0.27208402287550043,
      "n": 21
    },
    "haiku": null,
    "gpt55_high": {
      "p5": 0.25739577282897924,
      "median": 0.35495683387237,
      "p95": 0.4208124471390501,
      "mean": 0.351092372678136,
      "n": 21
    },
    "gpt54_mini": {
      "p5": 0.6248068010039549,
      "median": 0.6380451630463612,
      "p95": 0.6541196389078024,
      "mean": 0.6386078428427667,
      "n": 21
    },
    "gpt53_codex_high": {
      "p5": 0.25739577282897935,
      "median": 0.35495683387236987,
      "p95": 0.42081244713905014,
      "mean": 0.35109237267813603,
      "n": 21
    },
    "gpt52": {
      "p5": 0.20567011808074492,
      "median": 0.29211558610612043,
      "p95": 0.3278880243802732,
      "mean": 0.27197858463072794,
      "n": 21
    },
    "gemini31_pro_preview": {
      "p5": 0.7822997781764067,
      "median": 0.7890422838266192,
      "p95": 0.8007087814539606,
      "mean": 0.7903484987263402,
      "n": 21
    },
    "gemini3_flash_preview": {
      "p5": 0.2531585496614233,
      "median": 0.44321044606974275,
      "p95": 0.5191165405137198,
      "mean": 0.413900228599356,
      "n": 21
    }
  },
  "dynamics": {
    "opus47": {
      "p5": 0.002407785128317155,
      "median": 0.008122869315828748,
      "p95": 0.02057502786173583,
      "mean": 0.009844146894435886,
      "n": 250
    },
    "opus46": {
      "p5": 0.0022223519923118967,
      "median": 0.007407902195286177,
      "p95": 0.020684054498577742,
      "mean": 0.00935239943753265,
      "n": 250
    },
    "sonnet46": {
      "p5": 0.0016418377412666765,
      "median": 0.0067101086842522965,
      "p95": 0.018234975971324664,
      "mean": 0.008308229905879072,
      "n": 250
    },
    "haiku": null,
    "gpt55_high": {
      "p5": 0.002909813903629779,
      "median": 0.010534389229821844,
      "p95": 0.024227871061520256,
      "mean": 0.011706230517977785,
      "n": 250
    },
    "gpt54_mini": {
      "p5": 0.002407785128317155,
      "median": 0.008122869315828748,
      "p95": 0.02057502786173583,
      "mean": 0.009844146894435886,
      "n": 250
    },
    "gpt53_codex_high": {
      "p5": 0.002909813903629951,
      "median": 0.010534389229821842,
      "p95": 0.02422787106152043,
      "mean": 0.011706230517977815,
      "n": 250
    },
    "gpt52": {
      "p5": 0.0026599705686457587,
      "median": 0.008022349790229054,
      "p95": 0.02089303896262448,
      "mean": 0.010031634570708676,
      "n": 250
    },
    "gemini31_pro_preview": {
      "p5": 0.0024213491799647702,
      "median": 0.007718906006576818,
      "p95": 0.020618617305940643,
      "mean": 0.009593230549154588,
      "n": 250
    },
    "gemini3_flash_preview": {
      "p5": 0.0027382702974611097,
      "median": 0.007698826206261469,
      "p95": 0.0209514963078788,
      "mean": 0.009825907507388197,
      "n": 250
    }
  },
  "remnant": {
    "opus47": {
      "p5": 0.0020252841907235247,
      "median": 0.03032106514566133,
      "p95": 0.2001108002777469,
      "mean": 0.056185254106552326,
      "n": 1000
    },
    "opus46": {
      "p5": 0.0009754509832997674,
      "median": 0.02932724606661225,
      "p95": 0.18699139170570303,
      "mean": 0.05499464511874209,
      "n": 1000
    },
    "sonnet46": {
      "p5": 0.0009033756508805748,
      "median": 0.023481612744210477,
      "p95": 0.20834451922707273,
      "mean": 0.05376023458993477,
      "n": 1000
    },
    "haiku": null,
    "gpt55_high": {
      "p5": 0.001157164207710545,
      "median": 0.028911866253743455,
      "p95": 0.20079780966350935,
      "mean": 0.05635771666436307,
      "n": 1000
    },
    "gpt54_mini": {
      "p5": 0.0020252841907235247,
      "median": 0.03032106514566133,
      "p95": 0.2001108002777469,
      "mean": 0.056185254106552326,
      "n": 1000
    },
    "gpt53_codex_high": {
      "p5": 0.0013087638366280807,
      "median": 0.029129563739850754,
      "p95": 0.1990336472854088,
      "mean": 0.05639618964111244,
      "n": 1000
    },
    "gpt52": {
      "p5": 0.0006966048748138081,
      "median": 0.028579119567179432,
      "p95": 0.1908651722712387,
      "mean": 0.05506744775953548,
      "n": 1000
    },
    "gemini31_pro_preview": {
      "p5": 0.0013241414328033854,
      "median": 0.03207753784596144,
      "p95": 0.19667316384292974,
      "mean": 0.05736310846093247,
      "n": 1000
    },
    "gemini3_flash_preview": {
      "p5": 0.001185314198758316,
      "median": 0.02987788794200147,
      "p95": 0.2071829902345327,
      "mean": 0.05830111800404979,
      "n": 1000
    }
  },
  "ringdown": {
    "opus47": {
      "p5": 8.861356764427089e-14,
      "median": 1.3056493272838253e-12,
      "p95": 1.688219259292212e-05,
      "mean": 1.1299380738643953e-05,
      "n": 531
    },
    "opus46": {
      "p5": 8.861356764476569e-14,
      "median": 1.305649327292839e-12,
      "p95": 1.6882192657945656e-05,
      "mean": 1.1299381259098556e-05,
      "n": 531
    },
    "sonnet46": {
      "p5": 8.861356764476569e-14,
      "median": 1.305649327292839e-12,
      "p95": 1.6882192657945656e-05,
      "mean": 1.1299381259098556e-05,
      "n": 531
    },
    "haiku": null,
    "gpt55_high": {
      "p5": 8.147270202846479e-05,
      "median": 0.00017183854889159985,
      "p95": 0.02652872163589775,
      "mean": 0.002236814341060417,
      "n": 531
    },
    "gpt54_mini": {
      "p5": 8.861356764427089e-14,
      "median": 1.3056493272838253e-12,
      "p95": 1.688219259292212e-05,
      "mean": 1.1299380738643953e-05,
      "n": 531
    },
    "gpt53_codex_high": {
      "p5": 8.147270202846479e-05,
      "median": 0.00017183854889159985,