{
  "approach": "svd_rf_raw7",
  "approach_number": 7,
  "benchmark": "waveform",
  "agent": "opus47",
  "category": "ml",
  "parameterization": "raw7",
  "time_convention": "t0_at_peak",
  "loss": 0.1870566669010985,
  "loss_proxy_l2": 0.6114599175803772,
  "loss_components": {
    "mismatch_40Msun": 0.37680067445469045,
    "mismatch_80Msun": 0.2458215937126295,
    "mismatch_120Msun": 0.14767726956938027,
    "mismatch_160Msun": 0.09490559211189177,
    "mismatch_200Msun": 0.0700782046569006,
    "mean_fd_mismatch": 0.1870566669010985
  },
  "runtime_ms": 0.06247133598662912,
  "n_train": 250,
  "n_val": 250,
  "n_params": 6400,
  "train_time_s": 0.13795685768127441,
  "notes": "Random forest with 200 trees, depth 15.",
  "loss_old_subset20": 0.1870566669010985,
  "per_sample_loss": [
    0.03730453197891148,
    0.07708066002792321,
    0.01592105996850688,
    0.33175215423083415,
    0.09041372760365758,
    0.0650532840009109,
    0.08152719055945554,
    0.07599229367055978,
    0.06106503449805285,
    0.06592817456990947,
    0.25234289853299197,
    0.13974394223333558,
    0.06511664279915959,
    0.04715752825456439,
    0.018412288033716993,
    0.176485771657341,
    0.4337157341332419,
    0.16110063313532205,
    0.12204878418473182,
    0.10258048165412285,
    0.09708548057808557,
    0.1925515715948681,
    0.19385071526382902,
    0.4478222756123668,
    0.1942169310238509,
    0.1603948163616014,
    0.10628050411046663,
    0.4861721821617599,
    0.19136902708714792,
    0.221719379098637,
    0.3218588316225889,
    0.32487483373325227,
    0.08868246627402065,
    0.063118548173242,
    0.21089556232215786,
    0.06550928163216589,
    0.10461340851645187,
    0.15697322608369713,
    0.12378097262937529,
    0.13777356198842797,
    0.07814108933892198,
    0.09441305284308969,
    0.2047053621604849,
    0.19225434490863086,
    0.26612380815349823,
    0.1747451694012166,
    0.335880921878954,
    0.24602684540849626,
    0.17105936344712888,
    0.23696663463552384,
    0.6305141254511553,
    0.24620342930222106,
    0.14552273732481047,
    0.07889732452859961,
    0.0865873042039084,
    0.07164814207456394,
    0.26543563034598744,
    0.1061571291286015,
    0.33128307977936905,
    0.3131603231337242,
    0.11175015846138292,
    0.1498412092128553,
    0.1700270945997054,
    0.1506531244769284,
    0.15321929056154548,
    0.09797191057711266,
    0.20872250768162343,
    0.3073614550967613,
    0.18764153736207506,
    0.03333104448946407,
    0.08145829875217558,
    0.08563668289704236,
    0.016621844309503774,
    0.12994549934239225,
    0.32753894892089735,
    0.18777751277028215,
    0.05063165127061316,
    0.1707989151539628,
    0.2586460814608219,
    0.1800004498304124,
    0.08846259736884296,
    0.40121725023789584,
    0.15334105789930447,
    0.28962896758348544,
    0.14373355395831078,
    0.25757616437465447,
    0.4097103496471436,
    0.16125056204189986,
    0.20404664379885454,
    0.10995980747779621,
    0.16443209488491178,
    0.09260398855807647,
    0.33922582328788364,
    0.22695138798131004,
    0.038367203980759476,
    0.19708080701768196,
    0.38396369056602736,
    0.10511133408493092,
    0.19791483762292855,
    0.33979005787160854,
    0.37857365397956383,
    0.05168034282763394,
    0.4183760248291463,
    0.2326666029194538,
    0.18674982914968963,
    0.10862380215981375,
    0.15445302767788288,
    0.35305188730756376,
    0.2593288959341341,
    0.13357802034321992,
    0.08343905638623494,
    0.057758994119556276,
    0.15364727379514806,
    0.21074036083784892,
    0.0281735903398447,
    0.34088681892545336,
    0.3216649619495514,
    0.05312715798967962,
    0.19709180800609716,
    0.14821343312319488,
    0.25595295187061884,
    0.10869903256056881,
    0.341372182179966,
    0.17121238681185363,
    0.1510074632567595,
    0.13430299839354004,
    0.1425613695638091,
    0.22739055213289777,
    0.04084162048669249,
    0.151322448329924,
    0.24960815672314657,
    0.1897063790329838,
    0.29246979912315096,
    0.16515931680055346,
    0.10491165032687015,
    0.18009649811848683,
    0.022848329248164732,
    0.008210578367651444,
    0.1168826653499441,
    0.1432115781296471,
    0.2522818231832566,
    0.16847312243060952,
    0.28879787638389576,
    0.052446219389851986,
    0.15751988688116214,
    0.056450085780597806,
    0.11742489340011837,
    0.16770102896717282,
    0.23217673784735648,
    0.15597291403221156,
    0.30346051587550893,
    0.4017585046196747,
    0.36554112842161374,
    0.18910437565464622,
    0.12017506525078729,
    0.3186252240354631,
    0.3586445118841569,
    0.24248212408358585,
    0.2518166126449649,
    0.1702954671146762,
    0.0724836435649902,
    0.11314888863185027,
    0.048438580729156654,
    0.05928372485095379,
    0.2504467169297908,
    0.19549652159449646,
    0.10208806403513535,
    0.13633143428466934,
    0.41739760465229525,
    0.09699547404621425,
    0.06450035857220635,
    0.1307523995195314,
    0.13081367300397256,
    0.19008723378475215,
    0.14264514224316532,
    0.12262419695925324,
    0.19493058474060865,
    0.3159502007202059,
    0.06900810540209745,
    0.1572029455013495,
    0.20270612546426497,
    0.26017224356490687,
    0.0915388114626359,
    0.15052112038314386,
    0.050461207876745504,
    0.11162065184907317,
    0.1417411143783277,
    0.1839906094592873,
    0.18530101584121522,
    0.121023218062281,
    0.16069511292616603,
    0.21544630833083084,
    0.257945839289538,
    0.19400415260238205,
    0.3337993813884613,
    0.13641527333025688,
    0.3618152922894617,
    0.2508158127100488,
    0.1848452248435914,
    0.18665434319892477,
    0.26083635791570625,
    0.11075600415469336,
    0.3102126372247584,
    0.44951131483044904,
    0.3619446361819195,
    0.18884424882063816,
    0.07737337500913066,
    0.11116610108496613,
    0.13753187184893098,
    0.0932320163148821,
    0.10875522931101042,
    0.21481483702000448,
    0.3163809058578315,
    0.20037552942546863,
    0.2880888765915567,
    0.25400738217683444,
    0.05800120808819624,
    0.06708344636359001,
    0.1495668210764103,
    0.09613580477547298,
    0.29961980638518704,
    0.09410276882536081,
    0.0424557565454351,
    0.11009564714951278,
    0.08464406918858287,
    0.44966768694957493,
    0.34617144814500794,
    0.30420284613206927,
    0.2760917770838727,
    0.42861794809620946,
    0.33818812611823607,
    0.15659289408291271,
    0.23288207864282265,
    0.3404738514331612,
    0.4708836990361155,
    0.2924895779243113,
    0.25777260490046566,
    0.21902972017562136,
    0.08243810225286952,
    0.28234442761384165,
    0.08553471873049819,
    0.1197412829444385,
    0.1386976360163152,
    0.0863827966436164,
    0.12043684522509339,
    0.1535949848192574,
    0.26453269732151863,
    0.3588099899411824,
    0.18566747852511717,
    0.10454927753048901
  ]
}