{
  "approach": "Damped-Sinusoids",
  "approach_number": 18,
  "benchmark": "analytic",
  "agent": "gpt55_high",
  "parameterization": "delta_m",
  "loss": 0.35109237267813603,
  "loss_components": {
    "mismatch_40Msun": 0.5581317124137135,
    "mismatch_80Msun": 0.506753460545963,
    "mismatch_120Msun": 0.32038662090873404,
    "mismatch_160Msun": 0.21734686869061134,
    "mismatch_200Msun": 0.1528432008316582,
    "mean_fd_mismatch": 0.35109237267813603
  },
  "loss_old_wrong_param": 0.4583509482152909,
  "per_sample_loss": [
    0.3690174250293924,
    0.42212389078198287,
    0.4208124471390501,
    0.3562531918620001,
    0.3725861746564389,
    0.3481467936127399,
    0.25739577282897924,
    0.4051757203765181,
    0.3264816868845041,
    0.3335825812041657,
    0.33127814159258273,
    0.35495683387237,
    0.3805306355672683,
    0.37590471808103826,
    0.4067028180599893,
    0.2565051661544535,
    0.42051442157531804,
    0.33175282789446603,
    0.3026039939583344,
    0.32634815776065756,
    0.274266427348607
  ],
  "runtime_ms": 0.6635793307352633,
  "n_train": 20,
  "n_val": 21,
  "n_params": 0,
  "notes": "Observed worst residuals in high-curvature regions; prescribed transformed features/regularization, then evaluated the updated fit."
}